[{"_objectType": "entity", "_typeName": "Provenance", "_id": "c7518fcc-7891-40a7-81ea-ed07b89ca539", "_properties": {"instanceID": "2b47c15d-05a2-4f03-ac21-e6894d78335d", "propertyName": "Patent", "sourceType": "Document", "typeName": "Product", "globalid": "c7518fcc-7891-40a7-81ea-ed07b89ca539", "comment": null, "sourceName": "C:\\DemoData\\KNOW\\SupplyChain\\Patents\\Product_1_patent.txt", "source": "Patent"}}, {"_objectType": "entity", "_typeName": "Provenance", "_id": "d41f5112-d3d0-4eef-9796-794c4d907718", "_properties": {"instanceID": "2b47c15d-05a2-4f03-ac21-e6894d78335d", "propertyName": "MSRP_Num", "sourceType": "String", "typeName": "Product", "globalid": "d41f5112-d3d0-4eef-9796-794c4d907718", "comment": null, "sourceName": null, "source": "Pricebook 2024"}}, {"_objectType": "entity", "_typeName": "Provenance", "_id": "3f637653-42ec-463e-9109-39e8fdced255", "_properties": {"instanceID": "79beb997-7d89-4acf-9998-01f3eefaf5c8", "propertyName": "Patent", "sourceType": "Document", "typeName": "Product", "globalid": "3f637653-42ec-463e-9109-39e8fdced255", "comment": null, "sourceName": "C:\\DemoData\\KNOW\\SupplyChain\\Patents\\Product_2_patent.txt", "source": "Patent"}}, {"_objectType": "entity", "_typeName": "Provenance", "_id": "8817626f-6ad8-4cc2-b626-abfa10c3b25e", "_properties": {"instanceID": "79beb997-7d89-4acf-9998-01f3eefaf5c8", "propertyName": "MSRP_Num", "sourceType": "String", "typeName": "Product", "globalid": "8817626f-6ad8-4cc2-b626-abfa10c3b25e", "comment": null, "sourceName": null, "source": "Pricebook 2024"}}, {"_objectType": "entity", "_typeName": "Provenance", "_id": "f6ce4ed2-b8a5-4d7a-8bc8-4a4637e29957", "_properties": {"instanceID": "a4beb706-195d-4b5e-8433-5f28fc69e0c3", "propertyName": "Patent", "sourceType": "Document", "typeName": "Product", "globalid": "f6ce4ed2-b8a5-4d7a-8bc8-4a4637e29957", "comment": null, "sourceName": "C:\\DemoData\\KNOW\\SupplyChain\\Patents\\Product_3_patent.txt", "source": "Patent"}}, {"_objectType": "entity", "_typeName": "Provenance", "_id": "fd4d555b-ad2d-44be-8c46-7798b3efcbec", "_properties": {"instanceID": "a4beb706-195d-4b5e-8433-5f28fc69e0c3", "propertyName": "MSRP_Num", "sourceType": "String", "typeName": "Product", "globalid": "fd4d555b-ad2d-44be-8c46-7798b3efcbec", "comment": null, "sourceName": null, "source": "Pricebook 2024"}}, {"_objectType": "entity", "_typeName": "Provenance", "_id": "ff40a665-84c5-4f5b-bee3-1c7aa3c37628", "_properties": {"instanceID": "8fd922bd-7eec-4720-b956-2060caacbed3", "propertyName": "Patent", "sourceType": "Document", "typeName": "Product", "globalid": "ff40a665-84c5-4f5b-bee3-1c7aa3c37628", "comment": null, "sourceName": "C:\\DemoData\\KNOW\\SupplyChain\\Patents\\Product_4_patent.txt", "source": "Patent"}}, {"_objectType": "entity", "_typeName": "Provenance", "_id": "86671dae-1112-4142-b1d3-9759888c467a", "_properties": {"instanceID": "8fd922bd-7eec-4720-b956-2060caacbed3", "propertyName": "MSRP_Num", "sourceType": "String", "typeName": "Product", "globalid": "86671dae-1112-4142-b1d3-9759888c467a", "comment": null, "sourceName": null, "source": "Pricebook 2024"}}, {"_objectType": "entity", "_typeName": "Provenance", "_id": "9b7ccf0f-5377-4470-8f3a-1f04da6392b8", "_properties": {"instanceID": "d751c57c-13a5-4faf-99bf-46675dccbcd5", "propertyName": "Patent", "sourceType": "Document", "typeName": "Product", "globalid": "9b7ccf0f-5377-4470-8f3a-1f04da6392b8", "comment": null, "sourceName": "C:\\DemoData\\KNOW\\SupplyChain\\Patents\\Product_5_patent.txt", "source": "Patent"}}, {"_objectType": "entity", "_typeName": "Provenance", "_id": "90ad406e-1338-464e-8b73-0cadbe556dbe", "_properties": {"instanceID": "d751c57c-13a5-4faf-99bf-46675dccbcd5", "propertyName": "MSRP_Num", "sourceType": "String", "typeName": "Product", "globalid": "90ad406e-1338-464e-8b73-0cadbe556dbe", "comment": null, "sourceName": null, "source": "Pricebook 2024"}}, {"_objectType": "entity", "_typeName": "Provenance", "_id": "9fbb7d04-1793-4fac-9143-bbd6e2a272b8", "_properties": {"instanceID": "2c74c35a-4276-487f-8a96-1ca48aca0a94", "propertyName": "Patent", "sourceType": "Document", "typeName": "Product", "globalid": "9fbb7d04-1793-4fac-9143-bbd6e2a272b8", "comment": null, "sourceName": "C:\\DemoData\\KNOW\\SupplyChain\\Patents\\Product_6_patent.txt", "source": "Patent"}}, {"_objectType": "entity", "_typeName": "Provenance", "_id": "ec2c42b5-ceb7-4d8c-a90f-e39105ebc3e2", "_properties": {"instanceID": "2c74c35a-4276-487f-8a96-1ca48aca0a94", "propertyName": "MSRP_Num", "sourceType": "String", "typeName": "Product", "globalid": "ec2c42b5-ceb7-4d8c-a90f-e39105ebc3e2", "comment": null, "sourceName": null, "source": "Pricebook 2024"}}, {"_objectType": "entity", "_typeName": "Provenance", "_id": "a4514515-93b9-4bba-9266-31add7e8f798", "_properties": {"instanceID": "bbedea1a-6878-494b-86d5-10901284de92", "propertyName": "Patent", "sourceType": "Document", "typeName": "Product", "globalid": "a4514515-93b9-4bba-9266-31add7e8f798", "comment": null, "sourceName": "C:\\DemoData\\KNOW\\SupplyChain\\Patents\\Product_7_patent.txt", "source": "Patent"}}, {"_objectType": "entity", "_typeName": "Provenance", "_id": "6503769d-66d4-4e14-9c7b-aa49ece80060", "_properties": {"instanceID": "bbedea1a-6878-494b-86d5-10901284de92", "propertyName": "MSRP_Num", "sourceType": "String", "typeName": "Product", "globalid": "6503769d-66d4-4e14-9c7b-aa49ece80060", "comment": null, "sourceName": null, "source": "Pricebook 2024"}}, {"_objectType": "entity", "_typeName": "Provenance", "_id": "f8e9572e-317d-4fd3-9dc0-2edf7d1f7f79", "_properties": {"instanceID": "c40e5fb0-be64-4c12-b0f4-1e00fa0d86a4", "propertyName": "Patent", "sourceType": "Document", "typeName": "Product", "globalid": "f8e9572e-317d-4fd3-9dc0-2edf7d1f7f79", "comment": null, "sourceName": "C:\\DemoData\\KNOW\\SupplyChain\\Patents\\Product_8_patent.txt", "source": "Patent"}}, {"_objectType": "entity", "_typeName": "Provenance", "_id": "1c32d6e6-d936-44db-a8c3-ae0bfaf1b599", "_properties": {"instanceID": "c40e5fb0-be64-4c12-b0f4-1e00fa0d86a4", "propertyName": "MSRP_Num", "sourceType": "String", "typeName": "Product", "globalid": "1c32d6e6-d936-44db-a8c3-ae0bfaf1b599", "comment": null, "sourceName": null, "source": "Pricebook 2024"}}, {"_objectType": "entity", "_typeName": "Provenance", "_id": "8cb84a53-1a4e-4c67-b60c-1e4796caadee", "_properties": {"instanceID": "26237f10-631b-4343-89c4-2a055fb66d96", "propertyName": "Patent", "sourceType": "Document", "typeName": "Product", "globalid": "8cb84a53-1a4e-4c67-b60c-1e4796caadee", "comment": null, "sourceName": "C:\\DemoData\\KNOW\\SupplyChain\\Patents\\Product_9_patent.txt", "source": "Patent"}}, {"_objectType": "entity", "_typeName": "Provenance", "_id": "9fb1d793-1985-493b-88df-8aecaca2c31c", "_properties": {"instanceID": "26237f10-631b-4343-89c4-2a055fb66d96", "propertyName": "MSRP_Num", "sourceType": "String", "typeName": "Product", "globalid": "9fb1d793-1985-493b-88df-8aecaca2c31c", "comment": null, "sourceName": null, "source": "Pricebook 2024"}}, {"_objectType": "entity", "_typeName": "Provenance", "_id": "c5cb5bf2-73b9-44aa-843f-cdc0fc7f8877", "_properties": {"instanceID": "9c96b96f-803f-436d-aaf0-ba215088ac7d", "propertyName": "Patent", "sourceType": "Document", "typeName": "Product", "globalid": "c5cb5bf2-73b9-44aa-843f-cdc0fc7f8877", "comment": null, "sourceName": "C:\\DemoData\\KNOW\\SupplyChain\\Patents\\Product_10_patent.txt", "source": "Patent"}}, {"_objectType": "entity", "_typeName": "Provenance", "_id": "0bbe50e8-4bc1-469b-afa3-959bc7166aa2", "_properties": {"instanceID": "9c96b96f-803f-436d-aaf0-ba215088ac7d", "propertyName": "MSRP_Num", "sourceType": "String", "typeName": "Product", "globalid": "0bbe50e8-4bc1-469b-afa3-959bc7166aa2", "comment": null, "sourceName": null, "source": "Pricebook 2024"}}, {"_objectType": "entity", "_typeName": "Provenance", "_id": "ae8377d4-aa46-40cc-b66f-57a31c607352", "_properties": {"instanceID": "aae8f2ff-cb64-4103-a772-8b0d0b893be3", "propertyName": "Patent", "sourceType": "Document", "typeName": "Product", "globalid": "ae8377d4-aa46-40cc-b66f-57a31c607352", "comment": null, "sourceName": "C:\\DemoData\\KNOW\\SupplyChain\\Patents\\Product_11_patent.txt", "source": "Patent"}}, {"_objectType": "entity", "_typeName": "Provenance", "_id": "d74682b4-9778-49d1-ba43-561a9ece3d6c", "_properties": {"instanceID": "aae8f2ff-cb64-4103-a772-8b0d0b893be3", "propertyName": "MSRP_Num", "sourceType": "String", "typeName": "Product", "globalid": "d74682b4-9778-49d1-ba43-561a9ece3d6c", "comment": null, "sourceName": null, "source": "Pricebook 2024"}}, {"_objectType": "entity", "_typeName": "Provenance", "_id": "b85ad3a0-4021-4978-8f3b-f04f2e888c44", "_properties": {"instanceID": "df264600-e54b-4121-a6f6-05616b6d6521", "propertyName": "Patent", "sourceType": "Document", "typeName": "Product", "globalid": "b85ad3a0-4021-4978-8f3b-f04f2e888c44", "comment": null, "sourceName": "C:\\DemoData\\KNOW\\SupplyChain\\Patents\\Product_12_patent.txt", "source": "Patent"}}, {"_objectType": "entity", "_typeName": "Provenance", "_id": "723e5a35-f540-46af-a1f1-3bc4a304f2a9", "_properties": {"instanceID": "df264600-e54b-4121-a6f6-05616b6d6521", "propertyName": "MSRP_Num", "sourceType": "String", "typeName": "Product", "globalid": "723e5a35-f540-46af-a1f1-3bc4a304f2a9", "comment": null, "sourceName": null, "source": "Pricebook 2024"}}, {"_objectType": "entity", "_typeName": "Provenance", "_id": "bac895bc-22ea-4676-ba7f-daadf99081a5", "_properties": {"instanceID": "e5b3a163-5e21-41c7-91db-1c24c32c1d07", "propertyName": "Patent", "sourceType": "Document", "typeName": "Product", "globalid": "bac895bc-22ea-4676-ba7f-daadf99081a5", "comment": null, "sourceName": "C:\\DemoData\\KNOW\\SupplyChain\\Patents\\Product_13_patent.txt", "source": "Patent"}}, {"_objectType": "entity", "_typeName": "Provenance", "_id": "3a13044e-3d72-45e0-96c9-e36f9e1c03f7", "_properties": {"instanceID": "e5b3a163-5e21-41c7-91db-1c24c32c1d07", "propertyName": "MSRP_Num", "sourceType": "String", "typeName": "Product", "globalid": "3a13044e-3d72-45e0-96c9-e36f9e1c03f7", "comment": null, "sourceName": null, "source": "Pricebook 2024"}}, {"_objectType": "entity", "_typeName": "Provenance", "_id": "3d8fd96e-37ef-4c50-b7dd-e15fcb7e1c0c", "_properties": {"instanceID": "3e053aa6-b6cc-4ab2-ae5c-c27477583874", "propertyName": "Patent", "sourceType": "Document", "typeName": "Product", "globalid": "3d8fd96e-37ef-4c50-b7dd-e15fcb7e1c0c", "comment": null, "sourceName": "C:\\DemoData\\KNOW\\SupplyChain\\Patents\\Product_14_patent.txt", "source": "Patent"}}, {"_objectType": "entity", "_typeName": "Provenance", "_id": "46fafe07-7d95-44ab-9b28-326ff949054d", "_properties": {"instanceID": "3e053aa6-b6cc-4ab2-ae5c-c27477583874", "propertyName": "MSRP_Num", "sourceType": "String", "typeName": "Product", "globalid": "46fafe07-7d95-44ab-9b28-326ff949054d", "comment": null, "sourceName": null, "source": "Pricebook 2024"}}, {"_objectType": "entity", "_typeName": "Provenance", "_id": "0a9c0d9d-8113-4247-826b-12a0e6416130", "_properties": {"instanceID": "79d97d51-99f1-4cb5-977a-5a0ab30d9f9a", "propertyName": "Patent", "sourceType": "Document", "typeName": "Product", "globalid": "0a9c0d9d-8113-4247-826b-12a0e6416130", "comment": null, "sourceName": "C:\\DemoData\\KNOW\\SupplyChain\\Patents\\Product_15_patent.txt", "source": "Patent"}}, {"_objectType": "entity", "_typeName": "Provenance", "_id": "54a2e468-3378-42db-be9d-8925c69f2e6a", "_properties": {"instanceID": "79d97d51-99f1-4cb5-977a-5a0ab30d9f9a", "propertyName": "MSRP_Num", "sourceType": "String", "typeName": "Product", "globalid": "54a2e468-3378-42db-be9d-8925c69f2e6a", "comment": null, "sourceName": null, "source": "Pricebook 2024"}}, {"_objectType": "entity", "_typeName": "Provenance", "_id": "db2eda62-daae-4ec5-8215-80c8e93e1e44", "_properties": {"instanceID": "c01bd7c9-6d08-4d0a-bab0-83498d29021a", "propertyName": "Patent", "sourceType": "Document", "typeName": "Product", "globalid": "db2eda62-daae-4ec5-8215-80c8e93e1e44", "comment": null, "sourceName": "C:\\DemoData\\KNOW\\SupplyChain\\Patents\\Product_16_patent.txt", "source": "Patent"}}, {"_objectType": "entity", "_typeName": "Provenance", "_id": "822044a9-daed-4e81-924f-ff7236066b19", "_properties": {"instanceID": "c01bd7c9-6d08-4d0a-bab0-83498d29021a", "propertyName": "MSRP_Num", "sourceType": "String", "typeName": "Product", "globalid": "822044a9-daed-4e81-924f-ff7236066b19", "comment": null, "sourceName": null, "source": "Pricebook 2024"}}]