<?xml version="1.0"?>
<metadata xml:lang="en"><Esri><CreaDate>20231220</CreaDate><CreaTime>14143000</CreaTime><ArcGISFormat>1.0</ArcGISFormat><SyncOnce>TRUE</SyncOnce><ModDate>20240410</ModDate><ModTime>112117</ModTime><scaleRange><minScale>150000000</minScale><maxScale>5000</maxScale></scaleRange><ArcGISProfile>INSPIRE</ArcGISProfile></Esri><toolbox name="KnowledgeGraphTools" alias="KnowledgeGraphTools"><arcToolboxHelpPath>c:\program files\arcgis\pro\Resources\Help\gp</arcToolboxHelpPath><toolsets/></toolbox><dataIdInfo><idCitation><resTitle>KnowledgeGraphTools</resTitle></idCitation><idPurp>This is a python toolbox used to create backups of a knowledge graph and create a new knowledge graph from those backups. </idPurp><idAbs>&lt;DIV STYLE="text-align:Left;"&gt;&lt;DIV&gt;&lt;DIV&gt;&lt;P&gt;&lt;SPAN STYLE="font-size:16pt"&gt;There are two tools in this toolbox. &lt;/SPAN&gt;&lt;/P&gt;&lt;P&gt;&lt;SPAN STYLE="font-weight:bold;"&gt;Backup Knowledge Graph as JSON&lt;/SPAN&gt;&lt;/P&gt;&lt;UL&gt;&lt;LI&gt;&lt;P&gt;&lt;SPAN&gt;This tool downloads the data model, entities, relationships, provenance, and optionally the item details of a knowledge graph service. Outputs are stored in a folder as a collection of JSON files, and a PNG for the thumbnail.&lt;/SPAN&gt;&lt;/P&gt;&lt;/LI&gt;&lt;LI&gt;&lt;P&gt;&lt;SPAN&gt;This tool prompts the user to select a knowledge graph service from the active ArcGIS Pro portal connection.&lt;/SPAN&gt;&lt;/P&gt;&lt;/LI&gt;&lt;LI&gt;&lt;P&gt;&lt;SPAN&gt;The user then selects the location for the output&lt;/SPAN&gt;&lt;/P&gt;&lt;/LI&gt;&lt;LI&gt;&lt;P&gt;&lt;SPAN&gt;The output files are organized into a folder, named after the input knowledge graph service. This name can be changed.&lt;/SPAN&gt;&lt;/P&gt;&lt;/LI&gt;&lt;LI&gt;&lt;P&gt;&lt;SPAN&gt;The user can choose to also download the item details. This includes specifically: title, snippet (summary), description, tags, and thumbnail.&lt;/SPAN&gt;&lt;/P&gt;&lt;/LI&gt;&lt;/UL&gt;&lt;P&gt;&lt;SPAN STYLE="font-weight:bold;"&gt;Create Knowledge Graph from JSON&lt;/SPAN&gt;&lt;/P&gt;&lt;UL&gt;&lt;LI&gt;&lt;P&gt;&lt;SPAN&gt;This tool creates a new knowledge graph service from the the output of the Backup Knowledge Graph as JSON tool.&lt;/SPAN&gt;&lt;/P&gt;&lt;/LI&gt;&lt;LI&gt;&lt;P&gt;&lt;SPAN&gt;If the upload item details parameter box is checked, be aware that the title of the item will be updated to the title of the "backed up" knowledge graph service. &lt;/SPAN&gt;&lt;SPAN STYLE="font-style:italic;"&gt;Remember that items in a portal have a name, title, and ID. The name and ID are always different, but titles can be reused.&lt;/SPAN&gt;&lt;/P&gt;&lt;/LI&gt;&lt;/UL&gt;&lt;P&gt;&lt;SPAN&gt;Both of these tools are based off of the code provided by this help documentation page: &lt;/SPAN&gt;&lt;A href="https://developers.arcgis.com:443/python/samples/create-and-load-knowledge-graph-backups/" target="_blank" STYLE="text-decoration:underline;"&gt;&lt;SPAN&gt;https://developers.arcgis.com/python/samples/create-and-load-knowledge-graph-backups/&lt;/SPAN&gt;&lt;/A&gt;&lt;/P&gt;&lt;/DIV&gt;&lt;/DIV&gt;&lt;/DIV&gt;</idAbs><searchKeys><keyword>KNOW</keyword></searchKeys></dataIdInfo><distInfo><distributor><distorFormat><formatName>ArcToolbox Toolbox</formatName></distorFormat></distributor></distInfo><mdHrLv><ScopeCd value="005"/></mdHrLv><mdDateSt Sync="TRUE">20240410</mdDateSt></metadata>
