<?xml version="1.0"?>
<metadata xml:lang="en"><Esri><CreaDate>20240409</CreaDate><CreaTime>19442800</CreaTime><ArcGISFormat>1.0</ArcGISFormat><SyncOnce>TRUE</SyncOnce><ModDate>20240410</ModDate><ModTime>10042200</ModTime><scaleRange><minScale>150000000</minScale><maxScale>5000</maxScale></scaleRange><ArcGISProfile>INSPIRE</ArcGISProfile></Esri><tool name="CreateKGfromJSON" displayname="Create Knowledge Graph from JSON" toolboxalias="Knowledge Graph Magic" xmlns=""><arcToolboxHelpPath>c:\program files\arcgis\pro\Resources\Help\gp</arcToolboxHelpPath><parameters><param name="Input_backup_folder" displayname="Input backup folder" type="Required" direction="Input" datatype="Workspace" expression="Input_backup_folder"><dialogReference>&lt;DIV STYLE="text-align:Left;"&gt;&lt;DIV&gt;&lt;P&gt;&lt;SPAN&gt;Select the input folder containing the backup files.&lt;/SPAN&gt;&lt;/P&gt;&lt;/DIV&gt;&lt;/DIV&gt;</dialogReference></param><param name="New_knowledge_graph_name" displayname="New knowledge graph name" type="Required" direction="Output" datatype="String" expression="New_knowledge_graph_name"><dialogReference>&lt;DIV STYLE="text-align:Left;"&gt;&lt;DIV&gt;&lt;P&gt;&lt;SPAN&gt;Provide the name of the new knowledge graph. The default value will be the name of the input backup folder, which is either derived from a knowledge graph or manually provided.&lt;/SPAN&gt;&lt;/P&gt;&lt;/DIV&gt;&lt;/DIV&gt;</dialogReference></param><param name="Upload_item details" displayname="Upload item details" type="Optional" direction="Input" datatype="Boolean" expression="{Upload_item details}"><dialogReference>&lt;DIV STYLE="text-align:Left;"&gt;&lt;DIV&gt;&lt;DIV&gt;&lt;P&gt;&lt;SPAN&gt;If checked, the item details provided in the backup files will be used to update these details after the service is created: title, snippet (summary), description, tags, and thumbnail. Verify the necessary data is in the provided folder: a PNG file and an itemDetails.json file.&lt;/SPAN&gt;&lt;/P&gt;&lt;P&gt;&lt;SPAN&gt;If unchecked, the item details will not be updated.&lt;/SPAN&gt;&lt;/P&gt;&lt;P&gt;&lt;SPAN /&gt;&lt;/P&gt;&lt;/DIV&gt;&lt;/DIV&gt;&lt;/DIV&gt;</dialogReference></param></parameters><summary>&lt;DIV STYLE="text-align:Left;"&gt;&lt;DIV&gt;&lt;DIV&gt;&lt;P&gt;&lt;SPAN&gt;This tool creates a new knowledge graph from a backup created using the Backup Knowledge Graph as JSON tool.&lt;/SPAN&gt;&lt;/P&gt;&lt;/DIV&gt;&lt;/DIV&gt;&lt;/DIV&gt;</summary><usage>&lt;DIV STYLE="text-align:Left;"&gt;&lt;DIV&gt;&lt;DIV&gt;&lt;P&gt;&lt;SPAN&gt;Use this tool to create a new knowledge graph from a backup. This tool connects to your enterprise portal via your ArcGIS Pro active portal connection.&lt;/SPAN&gt;&lt;/P&gt;&lt;/DIV&gt;&lt;/DIV&gt;&lt;/DIV&gt;</usage></tool><dataIdInfo><idCitation><resTitle>Create Knowledge Graph from JSON</resTitle></idCitation><searchKeys><keyword>KNOW</keyword></searchKeys></dataIdInfo><distInfo><distributor><distorFormat><formatName>ArcToolbox Tool</formatName></distorFormat></distributor></distInfo><mdHrLv><ScopeCd value="005"/></mdHrLv><mdDateSt Sync="TRUE">20240410</mdDateSt></metadata>
