<?xml version="1.0"?>
<metadata xml:lang="en"><Esri><CreaDate>20240409</CreaDate><CreaTime>16494900</CreaTime><ArcGISFormat>1.0</ArcGISFormat><SyncOnce>TRUE</SyncOnce><ModDate>20240410</ModDate><ModTime>10202900</ModTime><scaleRange><minScale>150000000</minScale><maxScale>5000</maxScale></scaleRange><ArcGISProfile>INSPIRE</ArcGISProfile></Esri><tool name="BackupKGAsJSON" displayname="Backup Knowledge Graph as JSON" toolboxalias="Knowledge Graph Tools" xmlns=""><arcToolboxHelpPath>c:\program files\arcgis\pro\Resources\Help\gp</arcToolboxHelpPath><parameters><param name="Knowledge_Graph_to_Export_to_JSON" displayname="Knowledge Graph to Export to JSON" type="Required" direction="Input" datatype="String" expression="https://adsrv2019.ad.local/server/rest/services/Hosted/SupplyChain/KnowledgeGraphServer"><dialogReference>&lt;DIV STYLE="text-align:Left;"&gt;&lt;DIV&gt;&lt;P STYLE="margin:1 1 1 0;"&gt;&lt;SPAN&gt;Select which knowledge graph service to back up.&lt;/SPAN&gt;&lt;/P&gt;&lt;/DIV&gt;&lt;/DIV&gt;</dialogReference></param><param name="Output_folder_location" displayname="Output folder location" type="Required" direction="Input" datatype="Workspace" expression="Output_folder_location"><dialogReference>&lt;DIV STYLE="text-align:Left;"&gt;&lt;DIV&gt;&lt;P&gt;&lt;SPAN&gt;Select the output folder location.&lt;/SPAN&gt;&lt;/P&gt;&lt;/DIV&gt;&lt;/DIV&gt;</dialogReference></param><param name="Output_folder_name" displayname="Output folder name" type="Required" direction="Input" datatype="String" expression="Output_folder_name"><dialogReference>&lt;DIV STYLE="text-align:Left;"&gt;&lt;DIV&gt;&lt;P&gt;&lt;SPAN&gt;Provide the name of the output folder containing backup files. The default value is the name of the input knowledge graph.&lt;/SPAN&gt;&lt;/P&gt;&lt;/DIV&gt;&lt;/DIV&gt;</dialogReference></param><param name="Download_item details" displayname="Download item details" type="Optional" direction="Input" datatype="Boolean" expression="{Download_item details}"><dialogReference>&lt;DIV STYLE="text-align:Left;"&gt;&lt;DIV&gt;&lt;P&gt;&lt;SPAN&gt;If checked, item details will be downloaded. This includes: title, snippet (summary), description, tags, and thumbnail.&lt;/SPAN&gt;&lt;/P&gt;&lt;P&gt;&lt;SPAN&gt;If unchecked, no item details will be downloaded.&lt;/SPAN&gt;&lt;/P&gt;&lt;/DIV&gt;&lt;/DIV&gt;</dialogReference></param></parameters><summary>&lt;DIV STYLE="text-align:Left;"&gt;&lt;DIV&gt;&lt;DIV&gt;&lt;P&gt;&lt;SPAN&gt;This tool creates a folder of backup files representing a knowledge graph.&lt;/SPAN&gt;&lt;/P&gt;&lt;/DIV&gt;&lt;/DIV&gt;&lt;/DIV&gt;</summary><usage>&lt;DIV STYLE="text-align:Left;"&gt;&lt;DIV&gt;&lt;DIV&gt;&lt;P&gt;&lt;SPAN&gt;Use this tool to backup your knowledge graph's data model, entities, relationships, provenance (if present), and item details as a folder of JSON and PNG files. This tool connects to your enterprise portal via your ArcGIS Pro active portal connection.&lt;/SPAN&gt;&lt;/P&gt;&lt;P&gt;&lt;SPAN&gt;This tool backs up the knowledge graph with the following output files:&lt;/SPAN&gt;&lt;/P&gt;&lt;UL&gt;&lt;LI&gt;&lt;P&gt;&lt;SPAN&gt;all_entities.json&lt;/SPAN&gt;&lt;/P&gt;&lt;/LI&gt;&lt;LI&gt;&lt;P&gt;&lt;SPAN&gt;all_relationships.json&lt;/SPAN&gt;&lt;/P&gt;&lt;/LI&gt;&lt;LI&gt;&lt;P&gt;&lt;SPAN&gt;datamodel_entities.json&lt;/SPAN&gt;&lt;/P&gt;&lt;/LI&gt;&lt;LI&gt;&lt;P&gt;&lt;SPAN&gt;datamodel_relationships.json&lt;/SPAN&gt;&lt;/P&gt;&lt;/LI&gt;&lt;LI&gt;&lt;P&gt;&lt;SPAN&gt;provenance_entities.json&lt;/SPAN&gt;&lt;/P&gt;&lt;/LI&gt;&lt;LI&gt;&lt;P&gt;&lt;SPAN&gt;Thumbnail PNG file&lt;/SPAN&gt;&lt;/P&gt;&lt;/LI&gt;&lt;LI&gt;&lt;P&gt;&lt;SPAN&gt;itemDetails.json&lt;/SPAN&gt;&lt;/P&gt;&lt;/LI&gt;&lt;/UL&gt;&lt;/DIV&gt;&lt;/DIV&gt;&lt;/DIV&gt;</usage></tool><dataIdInfo><idCitation><resTitle>Backup Knowledge Graph as JSON</resTitle></idCitation><searchKeys><keyword>KNOW</keyword></searchKeys></dataIdInfo><distInfo><distributor><distorFormat><formatName>ArcToolbox Tool</formatName></distorFormat></distributor></distInfo><mdHrLv><ScopeCd value="005"/></mdHrLv><mdDateSt Sync="TRUE">20240410</mdDateSt></metadata>
